Workbook

Sheet Feuil1
C2: Date : | D2: 2025/24/03
C4: Pôle : | D4: 42 Chips
C5: Responsable : | D5: Marie-Ange Ferracci
C9: DEMANDE DE DEPENSE
B12: Fournisseur | C12: TTC | D12: Commentaires | E12: Validation 42
A13: 1 | B13: Auer Packaging | C13: ='Auer Packaging'!F9 -> 93.156 | D13: Equipements Labelec
A14: 2 | B14: Thomann | C14: =Thomann!F8 -> 428 | D14: Equipements Labelec
A15: 3 | B15: Leroy Merlin | C15: =LeroyMerlin!F6 -> 169 | D15: Equipements Labelec
A16: 4 | B16: Amazon | C16: =Amazon!F9 -> 161.36 | D16: Equipements Labelec
A17: 5 | B17: Aliexpress | C17: =AliExpress!F12 -> 87.66 | D17: Equipements Labelec
A18: 6
A19: 7
A20: 8
A21: 9
A22: 10
A23: 11
A24: 12
A25: 13
A26: 14
A27: 15
A28: 16
A29: 17
... A32: 20
C33: =SUM(C13:C32) -> 939.176

Sheet Auer Packaging
A1: Commentaire | B1: Fournisseur | C1: RefFournisseur | D1: PrixUnitaire (HT) | E1: Quantitée | F1: PrixTotal (TTC)
A2: Couvercles anti-poussière RK 4209 RK 4214 | B2: Auer Packaging | C2: SD 4234 | D2: 3.58 | E2: 13 | F2: =D2*E2 -> 46.54
A3: Fenêtres insérables RK 3214 RK 4214 RK 5214 RK 6214 | B3: Auer Packaging | C3: ES 214 | D3: 0.61 | E3: 13 | F3: =D3*E3 -> 7.93
A4: Séparateurs transversaux RK | B4: Auer Packaging | C4: QT 214 | D4: 0.82 | E4: 13 | F4: =D4*E4 -> 10.66
A5: T.V.A. (20 %) | D5: =SUM(F2+F3+F4)*20/100 -> 13.026 | E5: 1 | F5: =D5*E5 -> 13.026
A6: Livraison et expédition | D6: 15 | E6: 1 | F6: =D6*E6 -> 15
E9: Total (TTC) | F9: =SUM(F2+F3+F4+F5+F6) -> 93.156

Sheet Thomann
A1: Commentaire | B1: Fournisseur | C1: RefFournisseur | D1: PrixUnitaire (HT) | E1: Quantitée | F1: PrixTotal (TTC)
A2: Yamaha HS5 Bundle | B2: Thomann | C2: 315631 | D2: 369 | E2: 1 | F2: =D2*E2 -> 369
A3: Behringer U-Phoria UMC202HD | B3: Thomann | C3: 359080 | D3: 59 | E3: 1 | F3: =D3*E3 -> 59
A4: Cable jack male/male mono 6m | B4: Thomann | C4: 128550 | D4: 4.44 | E4: 2 | F4: =D4*E4 -> 8.88
A5: Livraison et expédition | D5: 0 | E5: 1 | F5: =D5*E5 -> 0
E8: Total (TTC) | F8: =SUM(F2+F3+F5) -> 428

Sheet LeroyMerlin
A1: Commentaire | B1: Fournisseur | C1: RefFournisseur | D1: PrixUnitaire (HT) | E1: Quantitée | F1: PrixTotal (TTC)
A2: Casier de rangement à vis, 30 tiroirs, STANLEY, H. 22.5 x l. 36.5 x P. 15.5 cm | B2: Leroy Merlin | C2: 35208803 | D2: 16.9 | E2: 5 | F2: =D2*E2 -> 84.5
A3: Casier de rangement à vis, 9 tiroirs, STANLEY, H. 22.5 x l. 36.5 x P. 16 cm | B3: Leroy Merlin | C3: 35208782 | D3: 16.9 | E3: 5 | F3: =D3*E3 -> 84.5
A4: Transport | F4: 0
E6: Total (TTC) | F6: =SUM(F2:F4) -> 169
A10: ciseaux de bourrin

Sheet Amazon
A1: Commentaire | B1: Fournisseur | C1: RefFournisseur | D1: PrixUnitaire (HT) | E1: Quantitée | F1: PrixTotal (TTC)
A2: Raspberry pi 5 | B2: Amazon | C2: Rapberry pi 5 | D2: 97.05 | E2: 1 | F2: =D2*E2 -> 97.05
A3: Alimentation 50W 5V 10A | B3: Amazon | C3: MeanWell power supply | D3: 24.52 | E3: 1 | F3: =D3*E3 -> 24.52
A4: Adafruit Matrix RGB | B4: Amazon | C4: Adafruit | D4: 27.8 | E4: 1 | F4: =D4*E4 -> 27.8
A5: 6 x Dymo Ruban pour Etiqueteuse | B5: Amazon | C5: Ruban pour etiqueteuse | D5: 11.99 | E5: 1 | F5: =D5*E5 -> 11.99
A6: Livraison et expédition | F6: =D6*E6 -> 0
E9: Total (TTC) | F9: =SUM(F2:F6) -> 161.36

Sheet AliExpress
A1: Commentaire | B1: Fournisseur | C1: RefFournisseur | D1: PrixUnitaire (HT) | E1: Quantitée | F1: PrixTotal (TTC)
A2: Gaine Thermorétractable (4.8mm/50m/orange) | B2: AliEpress | C2: Gaine Thermo | D2: 30.39 | E2: 1 | F2: =D2*E2 -> 30.39
A3: Câble en Silicone(50m/24AWG/Blue) | B3: AliEpress | C3: Cable Origwood | D3: 15.99 | E3: 1 | F3: =D3*E3 -> 15.99
A4: Câble en Silicone(50m/24AWG/Yellow) | B4: AliEpress | C4: Cable Origwood | D4: 15.99 | E4: 1 | F4: =D4*E4 -> 15.99
A5: Câble en Silicone(50m/24AWG/Green) | B5: AliEpress | C5: Cable Origwood | D5: 15.99 | E5: 1 | F5: =D5*E5 -> 15.99
A6: Câble en Silicone (50m/24AWG/Black) | B6: AliEpress | C6: Cable Pusaren Silicone | D6: 1.71 | E6: 1 | F6: =D6*E6 -> 1.71
A7: Câble en Silicone (50m/24AWG/Red) | B7: AliEpress | C7: Cable Pusaren Silicone | D7: 1.8 | E7: 1 | F7: =D7*E7 -> 1.8
A8: Rouleau d'attaches de câble réutilisables(White/15mm/5Rolls) | B8: AliEpress | C8: Rool Origwood | D8: 5.79 | E8: 1 | F8: =D8*E8 -> 5.79
A9: Livraison et expédition | D9: 0 | E9: 1 | F9: =D9*E9 -> 0
E12: Total (TTC) | F12: =SUM(F2:F9) -> 87.66
